group_id,image_link,text_ext,entity_name,entity_value
748919,https://m.media-amazon.com/images/I/61I9XdN6OFL.jpg,"PROPSS’

NAT

INGREDIENT MENAGER.

100% NATUREL

",item_weight,500.0 gram
916768,https://m.media-amazon.com/images/I/71gSRbyXmoL.jpg,"LEBENSMITTELECHT

Gish

GEPRAGTES

Designed in

LIZENZIERTE UND GESCHUTZTE DESIGNS
",item_volume,1.0 cup
459516,https://m.media-amazon.com/images/I/61BZ4zrjZXL.jpg,"Serving Size: 1 Tablet (0.709 g) | Each serving contains (Approx. Values):

Ingredient Qty. / Serving

*PHOSPHOcomplex® Silybin (Sillybum marianum) 200 mg
Dandelion (Taraxacum officinale) leaf extract - 10:1 100 mg
Kutki (Picrorhiza kurroa)rhizome extract - 0.5% Bitters 50 mg
Kasani (Cichorium intybus) seed extract - 1% Bitters 25 mg
Punarnava (Boerhavia diffusa) root extract - 0.07% alkaloids 25 mg
Bhui amla (Phyllanthus amarus) WP extract - 0.5% Bitters 25 mg
Amla (Phyllanthus emblica) fruit extract - 10% Tannins 25 mg
Licorice (Glycyrrhiza glabra) root extract - 5% Glycyrrhizin 25 mg
Vitamin E 10 mg
Piper nigrum fruit extract — 95% Piperine 5mg

Nutrients Qty. / Serving

Energy 3.04 kcal
Carbohydrate O51g
(Sugars) 02g
Protein 0.049
Fat 0.09 g

""ZRDA values established as per ICMR 2010 for sedentary lifestyle-Men.
**Z RDA not established by ICMR

",item_weight,0.709 gram
459516,https://m.media-amazon.com/images/I/612mrlqiI4L.jpg,"eG

bw ot
‘Bu sz
‘Bw sz
uz
use
fiw ez
fu 05
Sw oo.
bu

",item_weight,0.709 gram
731432,https://m.media-amazon.com/images/I/617Tl40LOXL.jpg,"HIGH STRENGTH

PSYLLIUM

HUSK

",item_weight,1400 milligram
731432,https://m.media-amazon.com/images/I/61QsBSE7jgL.jpg,"¢ Naturally-Sourced Psyllium

—_

* High strength 1400mg

per serving S k
)
0 140 Onc | Plana

* Suitable for Vegans & Vegetarians

 ,

OVvaTs

7 365 ve | )

Horbaach
",item_weight,1400 milligram
731432,https://m.media-amazon.com/images/I/81xsq6vf2qL.jpg,"Directions: For adults, take two (2) vegan capsules
daily, preferably with a meal. Do not exceed stated dose.

Nutrition Information

Typically Per Daily Dose

HIGH ST 0 NSTI it Erte
Psyllium Husk Powder 1400mg

_PSYLLIUM
HUSK

PLANTSEEDS

Ingredients: Psyllium Husk Powder, Capsule Shell (Hy-
droxypropylmethylcellulose), Anti-Caking Agents (Mag-
nesium Salts of Fatty Acids, Silicon Dioxide).

May contain Sesame Seeds & Mustard. For allergens,
see the ingredients in bold.

Notice: Take this product with 220ml of fluids. Taking
this product without adequate fluid may cause the pos-
sibility of choking. Do not use this product if you have
difficulty swallowing. If you experience chest pain, vom-
iting or difficulty in swallowing or breathing after taking
this product, seek immediate medical attention. Do not
take before sleeping. Fibre products can affect the ab-
sorption of many medications. Do not take this product
within 1.5 hours of taking medication.

Free From: Artificial Colour, Artificial Flavour, Artificial
Sweetener, Preservatives.

SUITABLE FOR VEGETARIANS & VEGANS

HU16790 C

3 6 VEC :

Horbaach
",item_weight,1400 milligram
731432,https://m.media-amazon.com/images/I/71DiLRHeZdL.jpg,"VEGAN

WO

WHEAT
FREE

SOY

1GH §
pst
aot (a)

\ DAIRY
365: veoh y FREE
é
FREE FROM

PRESERVATIVES

Horbaach
",item_weight,1400 milligram
731432,https://m.media-amazon.com/images/I/91Cma3RzseL.jpg,"Horbaach

100%

HIGHEST
QUALITY

HIGH STRENGTH

pSYLLIUM
HUSK

PLANTAGO OVATA
PLANT SEEDS

>,

Horbaach
",item_weight,1400 milligram
731432,https://m.media-amazon.com/images/I/71jBLhmTNlL.jpg,"NEW LOOK.
SAME Nea LES QUALITY.

Horbaach

Sitio
PSYLLIUM

HUSK

. @ 365 sci)

~ Horbaach
",item_weight,1400 milligram
149159,https://m.media-amazon.com/images/I/81N73b5khVL.jpg,"Grofe Kapazitat, Tijagtahigkeit bis zu 30KG

4m. Das Material ist ca. 5mm dick und die Fugen sind verstarkt, so dass
W es sehr stark ist.

Tragfahigkeit bis zu 30KG, kann eine Vielzahl von Gegenstanden ;

©)
329 | aufnehmen.

atl

",item_weight,30.0 kilogram
308856,https://m.media-amazon.com/images/I/61oMj2iXOuL.jpg,"))

WILDFANG

35cm

12cm 13cm 14cm 15cm 16cm

<10 kg 10-5kg = =15-25kg =. 25-45kg = > 45 kg

",item_weight,10 kilogram to 15 kilogram
281678,https://m.media-amazon.com/images/I/91LPf6OjV9L.jpg,"|
i : Helps in *
bs osteoarthritis Helps wn
ee digestion
“Reduces.
inflammation ox

Anti-bacierial?
properties ,

",item_weight,3.53 ounce
281678,https://m.media-amazon.com/images/I/81fOxWWWKYL.jpg,"DIGESTIVE HEALTH
HIGH IN ANTIOXIDANTS
+ COMBATS DISEASES

",item_weight,3.53 ounce
281678,https://m.media-amazon.com/images/I/81dzao1Ob4L.jpg,"PACKAGING CHANGED

‘lod peste in corto hops homooal Boones
HOW To USE
Semi medical hab, spearmint con be mde ino hbo
129, eon oo be gourd fused 0 0 pion in vegatble
‘tes fe king poses

Ingredients: Speornint Heol To,

& Nutritional Facts

Calories 80kcal
Sep SPEARMINT
""Sty Fe 8 GREEN TEA
Seen [Ee
Seenscom | a
ee

Orca

Feist fe reset eed peer nes ont 12 MONTHS FROM THE DATE OF PACKAGING
Cosme win? mot copia he pede.

eoeecnae NET WT: 1009 8590)
SE miner ean
‘New Delhi-110031, indio inst MRP Rs, : £300/-

eae a ES
= zt a IOI oe
are oe
——— I en

See, ey eee
Si riciratpeereaecone, Set ee

Our body is temple ond puting in raw ond

natural foods isthe key to make it run efficiently
We ot Sorich Organics believe that the first step to
«beter life sors with the food you eat.
We work with o stable network of formers ond
former groups, all of whom procice orgonic
ing and grow naturel, pestcde-free produce.
Yo you the bounty straight from Moher
Eorih, giving you food os it wos meant to be
enjoyed-completely natural

WWW. SORICHORGANICS.COM.

IDCRAFTED
FORFRESHNESS FARMERS QUALITY
Nosecrt All Wewerkdeesy —_Alproduc ore
imo, wihetoman ala Sch
os. yates

Couton : Packed in o focly thot hondes cher nus ond
Seeds, Do not buy the produc fs ompered or domoged.
‘Storage Instructions: Stoce ino cool & |
tepokdilalupeaetomes no”
MANUFACTURED AND MARKETED BY:
Sorich Organics Pvt. Lid,

Plot No-63, Block 8, Sector-63, Noida, Goutom
Buddha Nogar, Utor Pradesh - 201301

ORGANIC SPEARMINT HERBAL TEA.
‘Spearmint is that miraculous herb which take

‘care of you inside and out. High potassium level

ofthe herb keeps blood pressure in contol. I oso keeps
hormonal balance.

DIRECTION OF USE

‘Semi medicinal herb, spearmint can be made inlo herbal.
fea, It can also be ground, if used as a spice in vegelable
curties or for sprinkling purposes

Ingredients : Organic Spearmint Pure Herb,
Country of Origin : India

RUT O Is a& a
Calories 80kcal Tope | SS
Total Carbohydrate (AN
Total Sugar
Dietry Fibre ‘3
gece! IN
5

Sodium
Protein ———

Consume within 2 months ofter opening the packet.

SPEARMINT
GREEN TEA

|
@ ncn wanrionoants

Note: Packaging may vary for a brief period of time.

for customer feedback: NET WEIGHT : 100 g (3.53 oz)
od” Raa
ec oes os) BATCH NO. : NET WEIGHT : 100 g (3.53 07)
rant reas PKD. :

sete olinintmlontareiaiecrar ""USE BY t

AFTER
",item_weight,53 ounce
281678,https://m.media-amazon.com/images/I/91-iahVGEDL.jpg,"Loose packaging

impurities added

Other € Does not brew easi! -
, Y) y.
brands , Ave 7
Added a
A
USDA
ay
Wes | 2s. D WZ
6 Air-tight packaging vAV a Rg
SA Wa
a4 Impurities free WY \ | NT
ge a.) Cs
Brews easily Y * etd Wer \
| GREENTEA | EESEN
ded preservativefY¥ \ ae SY
<

Directly from farm x '
",item_weight,100 gram
731432,https://m.media-amazon.com/images/I/81S2+GnYpTL.jpg,"Be
==
25

S

a4 LLY Ah NE
AI

» SS
Sq
:
“2
‘S
<
>»
Dy :
44 :
> :
nN
dy
44 !
YW
S$
>
>
Py
ss

",item_weight,200 gram
731432,https://m.media-amazon.com/images/I/81e2YtCOKvL.jpg,"Ae 4
Lf 4

Instant Energy

",item_weight,1 kilogram
731432,https://m.media-amazon.com/images/I/81RNsNEM1EL.jpg,,item_weight,200 gram
731432,https://m.media-amazon.com/images/I/91prZeizZnL.jpg,"2ENERGY

AINSTANT: 4. A

A Y
:
\t
\
=
S
2)
5
A
i
W

",item_weight,200 gram
731432,https://m.media-amazon.com/images/I/31EvJszFVfL.jpg,,item_weight,200 gram
252585,https://m.media-amazon.com/images/I/61wzlucTREL.jpg,"ONE SIZE FITS ALL

STRETCHABLE AND BLACK FABRIC BLOCKS
FORM FITTING THE LIGHT

EXPERT-GRADE GEL
NON-TOXIC NO SMELL

FLEXIBLE COMFORTABLE FOR
COLD OR HOT THERAPY .
3.11n

ul E'S

22.2 in
",item_volume,4.0 gallon
299791,https://m.media-amazon.com/images/I/61sQ+qAKr4L.jpg,"925 Sterling Silver
18K Gold Plated

K ZA

0.28 INCH

(7 MM)

High Polish

0.07 INcH A
(1.8 MM) PA
_—_
16+2 INCH Extend Chain

Net Weight: 2.7G (405MM+50MM)

Manual measurement, the size may be slightly different from the physical.
",item_weight,2.7 gram
884560,https://m.media-amazon.com/images/I/81x77l2T5NL.jpg,"How to use Knorr
ES Pots:

either: dissolve 28
the pot into

500ml of boiling or: add the

water. pot directl
to dish. Y

",item_weight,112 gram
179080,https://m.media-amazon.com/images/I/71nywfWZUwL.jpg,"9.10m/3.58%

\
.

ISAM
17. BAN

Type

Battery Cell

fj Charger

tH Charger Output Current

= USB port

G) BMS

a Battery Weight

Downtube Battery

13Ah: 2500m-A-h
17.5Ah: Sam-sung/L-G/Cell
3500mAh Send it randomly

Vv

A8V 13Ah (2A)
A8V 17.5Ah (4A)

Vv

30A

A1KG / 44KG
",item_weight,4.1 kilogram
179080,https://m.media-amazon.com/images/I/71nywfWZUwL.jpg,"9.10m/3.58%

\
.

ISAM
17. BAN

Type

Battery Cell

fj Charger

tH Charger Output Current

= USB port

G) BMS

a Battery Weight

Downtube Battery

13Ah: 2500m-A-h
17.5Ah: Sam-sung/L-G/Cell
3500mAh Send it randomly

Vv

A8V 13Ah (2A)
A8V 17.5Ah (4A)

Vv

30A

A1KG / 44KG
",voltage,48.0 volt
866516,https://m.media-amazon.com/images/I/51WsuKKAVrL.jpg,"Product Name Harvest Festival Doll

15X9X26CM
52x42x40CM
Polyester material

Craftsmanship Manual

Grey . Orange

Product Wei 158g

",item_weight,158.0 gram
866516,https://m.media-amazon.com/images/I/61XGDKap+JL.jpg,,item_weight,158.0 gram
459516,https://m.media-amazon.com/images/I/715vVcWJxGL.jpg,"ys SD.
NUVIDA “4b

CRANBERRY EXTRACT

High Strength Extract for
Natural Uri
SUITABLE F

nary Tract and Bladder Support
‘OR VEGETARIANS AND VEGANS

5000mg 90 Tablets
Food Supplement
",item_weight,5000 milligram
524635,https://m.media-amazon.com/images/I/613v+2W4UwL.jpg,"6S1G FEQPUSMA2SRy7 AAS

LAD NASD
ss Os

50 ml

Carvomin

Verdauungstropfen

18,55 g/20 ml
Flussigkeit zum Einnehmen

Wirkstoff:

Auszug aus einer Mischung
von Angelikawurzeln,
Benediktenkraut und
Pfefferminzblattern

KL3NGE

PHARMA

",item_weight,18.55 gram
524635,https://m.media-amazon.com/images/I/71+fn9TWQmL.jpg,"Are regen en 5 spn
Ae ee

IIa oi
ae

. om yo
Carvomin %
Verdauungstropfen

6 f
18,55 g/20 ml if
Flussigkeit zum Einnehmen

§
i
is
i
“it | 50 ml Wirkstoff: <=:
»  Benediktents
flanzliches *:
| Carvomin Verdana
6 peal! Verdauungstropfen kit ena?

ischung or *8
pes ot Om ferminzbltt”
Flussigkeit zum Econ d
Einnehmen

Wirkstoff:
Auszug aus einer Mischung
von Angelikawurzeln,

Benediktenkraut und (a.
Pfefferminzblattern af’
K LeN G E Zur Anwendung

bei Erwachsenen
PHARMA

Klinge Pham
",item_weight,18.55 gram
524635,https://m.media-amazon.com/images/I/71aKgRRQ2wL.jpg,"aA eS SSS
wa BE SS SSSI TSS
SSNS SS SS

Sense

~~ OS

50 ml

Carvomin

Verdauungstropfen

18,55 g/20 ml
Flussigkeit zum Einnehmen
Verdauungstropfen  joit enthat? °

18,55 g/20 ml Mischung v0""

Wirkstoff: 3,99 Ferminebatt
Auszug aus einer Mischung pracecelt zum ental 38 «
von Angelikawurzeln, innehmen mittel fr Kt?

Benediktenkraut und lagern. D3
Pfefferminzblattern (2.
KLINGE \@e

PHARMA Zur Anwendung

bei Erwachsenen

50 ml witkstoff: As
» o Benediktenka’

Ca FVOMIN pfenzicts*

Verdauungs's*

Klinge Pharr

",item_weight,18.55 gram
524635,https://m.media-amazon.com/images/I/71rKXZJrh4L.jpg,"50 mi i
Carvomin Ge

Verdauungstropfen

or
18,55 g/20 ml is
Flussigkeit zum Einnehmen is
if

Wirkstoff:
Auszug aus einer Mischung
von Angelikawurzein,
Benediktenkraut und
Pfefferminzblattern

KL3NGE

PHARMA

",item_weight,18.55 gram
524635,https://m.media-amazon.com/images/I/71D824lbRvL.jpg,"wan SESS Set TS SS
So SSS SSS
WSS SSS

yo OS

y
Uy * 50 mi
‘ty M } s ®
My C
Sy “th d rvo N
Te!
sy, Verdauungstropfen
_ ey 18,55 g/20 ml
wy at 4 3,99 8/¢ .
Kr ""y Fliissigkeit zum Einnehmen
“tn yy
wht * at
‘ f h
8 ith ;
cA “i, ‘iy
i ty igs
NN
titislaty a
SAAT
He fay
he qt Ne hy
Ne AN
CNG
byte Ry
RSS
lath, '
mt ty Wirkstoff:
Ug, Auszug aus einer Mischung
ty \ von Angelikawurzeln,
| Benediktenkraut und
f Pfefferminzblattern
iN KLZNGE
PHARMA

",item_weight,18.55 gram
730429,https://m.media-amazon.com/images/I/71004c9tzfL.jpg,".

“§

-
‘\ ~~""
USB CHAR

‘

GING PORTS

",item_weight,50.0 gram
881883,https://m.media-amazon.com/images/I/51bQPPtMqYL.jpg,"How to Use

Place the curtain between the
counterweight and the magnet

4cm/1.6in
| Welch 2oe am 26g @

ra ‘h,

Load-bearing
metal block
",item_weight,26.0 gram
179080,https://m.media-amazon.com/images/I/61o2ntPNNgL.jpg,"7 FREEWHEELS 800W 36V
GABEL MINDESTBREITE 135MM

* HINTERRAD MIT BRUSHLESS MOTOR
",wattage,800.0 watt
179080,https://m.media-amazon.com/images/I/61o2ntPNNgL.jpg,"7 FREEWHEELS 800W 36V
GABEL MINDESTBREITE 135MM

* HINTERRAD MIT BRUSHLESS MOTOR
",voltage,36.0 volt
601746,https://m.media-amazon.com/images/I/71IUuTJ8QwL.jpg,"Superior Quality

Put durability, safety, and environmental protection first.

Honeycomb Surface

Offers solid performance and ensures that
the yoga ball won’t burst suddenly.

Explosion-Proof Design

Provides the best protection and
prevents injuries. ]

Environmentally Friendly Material

Just use it with confidence knowing it’s made
of environmentally friendly material.

No Sticking

Rest assured that the surface won't stick to
your skin, clothing, floor, and much more.

330lbs Load Bearing

Never worry about the load-bearing capacity
of this yoga ball as it can support up to 330lbs. _

",item_weight,330.0 pound
487566,https://m.media-amazon.com/images/I/915JHkwtcrL.jpg,"Particularly smooth

",item_weight,31.0 ounce
794161,https://m.media-amazon.com/images/I/71cjrYndwIL.jpg,"Ag SKINFOOD .
SALMON DARK CIRCLE CONCEALER
¥/ This concentrated and creamy concealer
Y’ contains salmon ingredients which effectively
help conceal dark under eye circles and brighten
y the eyes.
! To use : After applying your foundation, dispense an
f adequate amount and gently tap onto dark circles around

| your eye area

10 MEI,

Dist. SKINFOOD USA, INC. 1 Technology Drive,

Bldg. B, Suite B113 Irvine, California, 92618
www.theskinfood.com 40g / Net wt. 0.35 oz
Made in Korea
OPEN HERE

",item_weight,0.35 ounce
639090,https://m.media-amazon.com/images/I/81hnk2WXO3L.jpg,"hot chocolate

Made with Belgian Chocolate
includes Mini Marshmallows

®@ © ©

Milk p _ Double Salted
Chocolate SOS eGiocolates) | Garamel

MARSHMALLOWS (SUGAR, GLUCOSE SYRUP, GELATIN, SORBITOL, MODIFIED
CORN STARCH, DEXTROSE, ARTFICIAL FLAVOR, TETRASODIUM

ERS COCOA MASS, EMULSIFIERS (SOY LECITHIN, PGPR),
VANILLA EXTRACT.

CONTAINS: MILK, SOY.

‘SALTED CARAMEL INGREDIENTS: SUGAR, COCOA BUTTER, WHOLE MILK
POWDER, MARSHMALLOWS (SUGAR, oS ce ae
MODIFIED CORN STARCH, DEXTROSE, ARTFICIAL FLAVOR, TETRASODIUM
PYROPHOSPHATE). COCOA MASS, EAT SEES OU LED, PGPR),
VANILLA EXTRACT, SALT, CARAMEL FLAVOR:

CONTAINS: MILK, SOY.

, TETRASODIUM
TE), COCOA MASS, EMULSIFIERS (SOY LECITHIN, PGPR,
VANILLA EXTRACT, PEPPERWINT FLAVOR, BB

CONTAINS: MILK, SOY.

DOUBLE CHOCOLATE INGREDIENTS: SUGAR, COCOA BUTTER, COCOA MASS,

DISTRIBUTED BY FRANKFORD CANDY LLC
SEC PA 19114

",item_weight,35.0 gram
752266,https://m.media-amazon.com/images/I/61HXgujoxpL.jpg,,wattage,150.0 watt
752266,https://m.media-amazon.com/images/I/613G8GOyLSL.jpg,"220mm/8.66in

SSSaSS8S8S888
SaSsBSaSS35RS8
Baaaa0aeea Raa

| See UE

<----->
32mm/1.25in

€-------------------------------->

305mm/12.00in

Ceiling

Wall

Ground
",wattage,150.0 watt
752266,https://m.media-amazon.com/images/I/71YyZ2iPyZL.jpg,"Durable & Flexible LED Floodlight

Thickened
a Glass

High-Quality
LEDs
= a
Z| Die-Cast
\ Alumium Frame

30W IP65

\ \ Mental
$ Bracket
",wattage,30.0 watt
752266,https://m.media-amazon.com/images/I/81K3JwUCnQL.jpg,"“— warerproof
6 8 9B

Dustproof Heat-resisting _ Frost-resistant
",wattage,30.0 watt
299791,https://m.media-amazon.com/images/I/41wvffSxB4L.jpg,"ST
-_INDS

ees.
OOOO “eo
sae
FOO
POO Lay Me
Ort 4
EO ad
is 2 eee
Seal a
HOKE
oid

3.5cm
",item_weight,15.5 gram
237000,https://m.media-amazon.com/images/I/91cErO-KbLL.jpg,"JACQUARD
KNITTED MATERIAL

Super soft and comfortable creating a
custom upholstered look

200GSM
Microfiber

",item_weight,200.0 gram
179080,https://m.media-amazon.com/images/I/817vo3DcCNL.jpg,"KOMFO RT-PAKET &

7,

\y PS
DAS HERZSTUCK: “NEL 4

STARKER UND EFFIZIENTER MOTOR FUR ANGENEHMEN FAHRKOMFORT

KRAFTVOLLE UND EFFIZIENTE EXTREM LEISER UND UNGLAUBLICHES DREHMOMENT
UNTERSTUTZUNG BIS LEISTUNGSSTARKER MOTOR MIT VON

25 KM/H 250 W 45 NM
",wattage,250.0 watt
884560,https://m.media-amazon.com/images/I/61AHQ35poHL.jpg,"(G1 G NIE 1)
Your Old and Close Friend Ever!

",item_volume,10.0 ounce
844474,https://m.media-amazon.com/images/I/61WFh8RCQYL.jpg,"High Quality Polyester Fabric
Breathable & Easy to Clean
Weight: 0.8KG

Ay | 45cm

26CM 7 28CM
",item_weight,0.8 kilogram
709627,https://m.media-amazon.com/images/I/711SATIDrmL.jpg,"Basic Information

2.83 Inches

Battery Capacity 1300mMAh
Discharage Rate 100C

Battery Voltage 14.8.

Cell Configuration AS

Connector Type XT60 Plug

Balancer Connector Type JST -XHR

s *

Weight: 169g
1.38 Inches

1.26 Inches
",item_weight,169.0 gram
299791,https://m.media-amazon.com/images/I/61x6RSjwQIL.jpg,"UNIQUE DESMGN,

0.78inch

|

k— 0.66inch—>|

Weight: 10g

20""+ 2” Extension Moderate thickness, Rotatable screws,
Chain Length suitable for ashes tightly fixed
",item_weight,10.0 gram
523149,https://m.media-amazon.com/images/I/613BeFNwHcL.jpg,,item_weight,7.0 gram
630390,https://m.media-amazon.com/images/I/61hWZdkq6WL.jpg,"WHEY

PROTEIN 9C

Integratore alimentare di proteine LUTEN
del siero del latte isolate e vitamine.
Con edulcoranti. Ultrasolubile.

Food supplement of microultrafiltered Sree

(CFM) whey protein isolate and vitamins.
With sweeteners. Ultrasoluble.

750g
30 dosi / servings

CREMA
NOCCIOLA

",item_weight,750.0 gram
810266,https://m.media-amazon.com/images/I/71E7CU55dcL.jpg,"Specifications:
Material: ~- borosilicate glass

Colors: ¢ 3- Natural, Pink, Gold

Weight: * 160g
Volume: ¢ 180 ml

Shape: ¢ Shiba Inu

9,5cm

",item_weight,160.0 gram
748919,https://m.media-amazon.com/images/I/61c+hSNnnZL.jpg,"| ZITROMAC

JONts citmicas
PINA
DESHIDRAT DA

100%

""los

Peso Neto: 270 gr,
65-70 UNIDADES

6 Ina I

Cate hearse ete ons Span

pits eh

900

",item_weight,270.0 gram
993359,https://m.media-amazon.com/images/I/915w0BdW-gL.jpg,"“; % @ Sia 4 af AS * 2 EX KS
‘ FA — / : : . 3 Y

i.@ OE wx aI
a
/) —S

WwW

AO
f

|

aro - aelailh
Net Wt 500g Iii

\GMILF
Z Cyn
"" A\\\\ a

i ZA i G

Lin

a

VOM ON ONE

",item_weight,500 gram
731432,https://m.media-amazon.com/images/I/61sx0ezNNLL.jpg,"NUTRIARG

MUSCLE
MASS GAINER

%
CHOCOLATE
MILKSHAKE

rie ZERO NETWE

ADDED SUGAR

",item_weight,1 kilogram
731432,https://m.media-amazon.com/images/I/71ldprwbKrL.jpg,"PREMIUM QUALITY

INGRIDIENTS
_____s HIGH QUALITY

f ] PROTEIN BLEND
CREATINE
MONOHYDRATE

MASS GRINE BCAA &

— of GLUTAMINE
(00% Si }
as VITAMINS &

FE a
",item_weight,10 kilogram
731432,https://m.media-amazon.com/images/I/71E9iF-bmKL.jpg,"DESIGNED FOR
EXTREME. GAINS

‘fi. Support Weight &
{ _ Muscle Building
Muscle Size &
Strength
MUSCLE y +t Rapid Muscle
MASS GRINER Recovery
go

DP Reduce Muscle
7 Break down

{ i

|
|

00%

a

",item_weight,1 kilogram
731432,https://m.media-amazon.com/images/I/71sWRp1SNwL.jpg,"MMM

Contains Added Flavour - Chocolate (Natural and Nature Identical
NUTRITION FACTS Flavouring Substances)

AMINO ACID PROFILE
Servings Per
Serving Size 1 Scoop (50 g) . BCAA (Branched Chain Amino Acids) (g/100g protein)
Container : 20
Per 100g
Quantity Per % Daily Leucine 2.509
ening Values* Iso Leucine 1.259
Energy 253 kcal walle Le5
Essential Amino Acids
Total Fat 19 3.00% Lysine 2.009
Saturated Fat 059 Methionine 09
Phenylalanine 4.009
Trans Fat 0g Tryptophan 0.409
y Cholesterol 10 mg 3% siitechine He
Other Amino Acids (g/100g protein)
Sodium 50 mg 7% Alanine 1.409
Total Carbohydrates 509 SamieAea 3.009
Glycine 0.60 9
Sugars (As Sucrose) 59g Histidine 0.609
Preain 12a su) Proline 1.259
Cysteine 0.409
BCAA Blend 559 Tryosine 1.209
Arginine 1.209
“Percent Daily Values (DV) are based on a 2000 calorie diet. Your Daily Values may Sane 1.309
be higher or lower depending on your calorie needs. DSSS AR 5a

INGREDIE!

whey protein blend (Whey Protein Cocentrate, Whey Protein Isolate), Skimed Milk Powder,
Maltodextrin, Alkalized Cocoa Powder, Stabilizer (INS415, INS417), Sunflower
lecithin(INS322), Sucralose (INS955), Glutamine, Creatine Monohydrate.

MUSCLE 4

MASS GRINER

",item_weight,2.2 pound
752266,https://m.media-amazon.com/images/I/61Fwq4GeTmL.jpg,"6OW

6.600lm

bianco naturale

IP65

",wattage,60.0 watt
459516,https://m.media-amazon.com/images/I/61-oj+N+BxL.jpg,"Dendrobium &Mull
ein
Extract Herbal Drop
Powerful Lung Support +

Cleanse +
Respiratory +

robium &Mullein
ict Herbal Drop

srful Lung Support
“a Enhance 7» Balance iratory
ffl breathing function \~“ mucus levels

potency

A Cleans & © Maximum

Open airways

VEGAN - GMO FREE - ISO

",item_volume,30.0 millilitre
459516,https://m.media-amazon.com/images/I/71e6kJLE+LL.jpg,"EXTRACT HERBAL D§

Ee By
EL

",item_volume,30.0 millilitre
459516,https://m.media-amazon.com/images/I/71SuzaRS7gL.jpg,"we=s

Dendrobium &Mullein
Extract Herbal Drop

Powerful Luna Supp ort
Cleanae «

HERBAL DROPS OF DENDROBIUM
AND PISTILUS EXTRACTS

The herbal drops are absorbed under the
tongue. The ingredients act on the lungs

and respiratory system through the blood,
stimulate and dilute the mucus in the trachea
and lungs, help expel sputum and lung residues
within 2 hours, and dredge the airway.
",item_volume,30.0 millilitre
459516,https://m.media-amazon.com/images/I/71nsfFCXF0L.jpg,,item_volume,30.0 millilitre
459516,https://m.media-amazon.com/images/I/71hgN7yu9OL.jpg,"MAIN COMPONEN

Dendrobium &Mu!
Extract Herbal Di
",item_volume,30.0 millilitre
529606,https://m.media-amazon.com/images/I/61SmT8pkLtL.jpg,"TERPENE INFUSED

100% SOY
ATHERAPY CANDLE

ALUNATURAL

100% SOY
CLEANEST

BURNING WAX
2.02 JAR
WITH LID
“SOFT-TOUCH”
MATTE FINISH

ee
",item_weight,2 ounce
299791,https://m.media-amazon.com/images/I/71ZtDgGX+iL.jpg,"INFORMATION
©

>) Chain Length: 48+5 cm
&) Material: Titanium Steel
Size: 20X13 mm

& Weight: 8.1 g (About)

Tips: The size of the product is measured manually
and may be subject to marginal error.

™ Custom

13 mm

j
:
‘
:
:
:
:
i
:
:
i
",item_weight,8.1 gram
308856,https://m.media-amazon.com/images/I/413FQB0ZMLL.jpg,"Eee
we

CANINE
— Che —

",item_weight,2 kilogram
308856,https://m.media-amazon.com/images/I/41EjbFu-+yL.jpg,,item_weight,10 kilogram
681445,https://m.media-amazon.com/images/I/71dWDwMhWmS.jpg,,item_weight,500.0 kilogram
365637,https://m.media-amazon.com/images/I/61d6Kj80QSL.jpg,"One ¢ntum
aturals

All day snack for poosting energy

[ peuicious,
HEALTHY &

GREAT FOR
creat OF |

fenercy FROM
‘SUPERFOO!

FOR ALL Ce
GROUPS. |
",item_weight,200.0 gram
365637,https://m.media-amazon.com/images/I/71bvOuz9w1L.jpg,"MILLET SHORTBREAD
SNe errr
syecte

All day snack for poosting energy
-
[peuicious.

HEALTHY &

GREAT FOR
DIGESTION

[enency FROM
‘SUPERFOOD
FORALL al

GROUPS.
",item_weight,200.0 gram
365637,https://m.media-amazon.com/images/I/71l0M0tMGjL.jpg,"| All Natural
ngredients

Vif,

All day snack for boosting energy

NERGY FROM
{UPERFOOD
“OR ALL | ee

‘GROUPS.

Millet

Multigrains
",item_weight,200.0 gram
365637,https://m.media-amazon.com/images/I/71Lpqdrpi4L.jpg,"All day snack
for boosting energy

All Natural
Ingredients

ee)

Improves

npro\ ‘Riatarals Quick source
Digestion f

of Energy

Rich in fibre

Delicious in and vitamins

taste

Contains superfood in
combination with Millets
and Multigrains
",item_weight,200.0 gram
365637,https://m.media-amazon.com/images/I/71jLIbCcwOL.jpg,"Energy, kcal/100g 566.76 202.4

Protein, g/100g 6.25 BOS

Total Carbohydrate , g/100g 57.93 20.69

Total Fat, g/100g 30.64 10.94

Vitamin A,mcg/100g fe) 0

Vitamin C,mg/100g 5.99 Zot

Total Sugar (sucrose), g/100g 5.99 2.14

Dietary Fibre, g/100g 2.31 0.83

Calories from fat (Kcal/100gm) 275.76 98.49

Sodium, mg/100g 24.28 8.67

Calcium, mg/100g 52.42 18.72

Iron, mg/100g 2.78 1.0

eSaturated Fatty Acid, g/100g 19.41 6.9
",item_weight,100.0 gram
365637,https://m.media-amazon.com/images/I/718EdwGgyVL.jpg,"Available i
T e in
WO OTHER DIFFERENT
FLAVOURS

MILLET SHORTBREAD
—— MILLET SHORTBREAD

MILLET SHORTBREAD
With Psyllium Husk and ennel
sweetened with Jaggery

‘ed With Psyllium Husk and |

Enhance
.d with Coco Butter
Enhanced

Sweetene

ack for boosting ené

k for boosting ene!
sting energy

all day sm
All day snac!
All day snack for boo:

[enero
rauiercy FROM Tpeuicious
ENERO Oo [ Sextres
Serre
ction |

SUpERFOO?

romauiecs eet
“GROUPS. JP

} SUpERFOOD

Net Weight 2009""
Net Weight 2009""

",item_weight,200.0 gram
487566,https://m.media-amazon.com/images/I/713twQgCHSL.jpg,,item_weight,5.0 kilogram
767202,https://m.media-amazon.com/images/I/61I0O1qJbhS.jpg,"Unsere Produkte reduzieren die Betriebskosten
des Druckers um bis zu 60% und behalten dabei
den hohen technischen Parameter und die
Druckqualitat bei.

",item_weight,60.0 pound
369753,https://m.media-amazon.com/images/I/61eOO5IW4NL.jpg,"HOW TO USE

1 TEST 2 PREP
Take a easy skin allergy test Skin care and moisturizing before use

3 CUT 4STICK
Cut to the size as required Cover the areas that need
",item_volume,3.0 cubic foot
731432,https://m.media-amazon.com/images/I/716AQpAJjZL.jpg,"Suggested
Storage

Store in a cool,
dry place after

Opening. gums

NO

Collagen
Peptides Powder

",item_weight,227 gram
709627,https://m.media-amazon.com/images/I/71FVeRd2jqL.jpg,"=

l 100.

OF CHARGES

——e

",item_weight,100 gram
639090,https://m.media-amazon.com/images/I/81njuNSPdjL.jpg,"Grand Dessert Schoko

Schokocréme mit Sahne. Zutaten: a
IS, Glu ukose-Fruktose-Sirup, Zucker, mo

Ehrmann GmbH
Hauptstr. 19

87770 Oberschénegg
WWW.ehrmann.de

002971253009 &
",item_weight,190.0 gram
639090,https://m.media-amazon.com/images/I/51xfRlxWIXL.jpg,"Nahrwertangaben pro 1009:

Energie 520 kJ (124 ka)
Fett 5,0

davon gesattigte Fettsauren 334
Kohlenhydrate 17,09
davon Zucker 14,09
Eiweig, 2,79
Salz 0,109

",item_weight,100.0 gram
459516,https://m.media-amazon.com/images/I/71duwM3SjpL.jpg,"Supports :

Y Stress & Anxiety Buster*
Y Improve Sleep Quality*
Y Strength & Stamina*

yf |

ea » 7

KSM-66""
Ashwagandha

5% withanolides

A SRS nee
600 mg «60 I Veaps® Plus

",item_weight,600 milligram
630869,https://m.media-amazon.com/images/I/612xIhPMHqL.jpg,"1.60 INcH

(40.7MM)

Net Weight: 3.2G

| [-Deoreeeeen
Mforerer din Hy Teas =| | eon
925 Sterling Silver Customizable 6.3+2 INCH Extend Chain
(160mm+50MM)

Manual measurement, the size may be slightly different from the physical.
",item_weight,3.2 gram
630869,https://m.media-amazon.com/images/I/51b9JEHOriL.jpg,"Weight: 6.5g
Length: 19¢cm+5cm
",item_weight,6.5 gram
881883,https://m.media-amazon.com/images/I/81lgxfKqUUL.jpg,"ELEGANT JACQUARD WINDOW CURTAIN
WITH ATTACHED VALANCE

Description: Color: Beige |v Blue Brick

160GSM JAQUARD+FANCY VALANCE BURGUNDY | Grey LIGHT BROWN
Fabric Content: 100% Polyester. Light taupe

rvccuconne |

VENICE COLLECTIONS, INC. | |
218671162731

RN #131381
MADE IN CHINA

",item_weight,160.0 gram
558374,https://m.media-amazon.com/images/I/814sAvV89SL.jpg,"Nutrition Facts

Serving size 3 Pieces (42g)
a

Amount Per Serving e
Calories ‘«*) 160

% Daily Value*
Total Fat 0g 0%
Saturated Fat 0g
Trans Fat Og

Total Carbohydrate 39g

Dietary Fiber Og

Total Sugars 28g

Includes 28g Added Sugars

Protein 0g
Vitamin D Omcg

Calcium Omg

lron Omg

Potassium Omg

*The % Daily Value (DV) tells you how much a nutrient in a
serving of food contributes to a daily diet. 2,000 calories a
day is used for general nutrition advice.

Ingredients: Sugar, Glucose, Agar, Citric
Acid, Canola Oil, Natural & Artificial
Flavors, Artificial Colors
",item_weight,42.0 gram
601746,https://m.media-amazon.com/images/I/61cMeogK8gL.jpg,"BALL WEIGHT: 26 Grams
BALL DIAMETER: 74mm
NUMBER OF HOLES: 40
",item_weight,26.0 gram
752266,https://m.media-amazon.com/images/I/811VfR10yxL.jpg,"- Specification: :
Product name: Solar Sensor Wall Lights
Quantity: 2PCS : :
Solar panel: 5.5V, 0.55W
LED: 144 LED
Sensor angle: 120 degrees
Sensor distance: 3-7m :
Protection level: IP65 waterproof
Ideal mounting height: 1.8-2.5m
_ Working temperature: -40°C~+85 °C
Switch: Mode 1 — Mode 2 > Mode 3 -off :
Product Size: 12.4x9.6x 48cm / 4.88 x 3.80 x 1.89in
Charging time: 8 hours in the sunlight

Function Switch:

4. The first work mode: continuously bright light

2 The 2nd work mode: the lights will illuminate with a
constant light in dark places, when people go through
the sensor area, strong lighting 20 seconds. And the light
will turn to dim after people leave the induction area.

3. The 3rd work mode: When people go through the sensor
area, the light will be strong. And the light willturn off after
people leave the induction area. :

ce WA ca

Made in China

",wattage,0.55 watt
254449,https://m.media-amazon.com/images/I/71WLYfmMqQL.jpg,"=
atic
a ww

90 mg

250 tablets
‘ comprimés npngoo060

",item_weight,50.0 milligram
523149,https://m.media-amazon.com/images/I/61Dq3LRei9L.jpg,,item_weight,10.0 kilogram
416664,https://m.media-amazon.com/images/I/71XK5d3Oh9L.jpg,,wattage,49.0 watt
459516,https://m.media-amazon.com/images/I/61kyBEJYDeL.jpg,,item_weight,500 milligram
459516,https://m.media-amazon.com/images/I/71uQmsTESvL.jpg,"GREEN COFFEE

Helps Control Supports Blood
Appetite* Sugar Level* ©

Supports Weight Supports Immune
managment* Wav System*
. ma ¢
———_—_— . = (3)
ay:
Boosts “Niterbal max ay

Digestion*

Metabolism* Cc R E E N

COFFEE

Enhance Supports
Mood* Fat Burn*
",item_weight,500 milligram
241608,https://m.media-amazon.com/images/I/71jG8BOi4WL.jpg,"16G Thick High Grade 304 Stainless Steel

\
\
Wal
Nl
Na
1

I

U

— Water Repellent — — Stain Resistant & Anti-bacterial Protection —
",item_weight,16.0 gram
308856,https://m.media-amazon.com/images/I/61390hosjFL.jpg,,item_weight,8 kilogram
